Workbook

Sheet Timeline
A1: Week | B1: Area | C1: Task | D1: Status | E1: Notes | G1: Dyno Simulator Progress
A2: 0 | B2: Requirements | C2: Review Version 1.0 requirements and confirm core / stretch / out-of-scope boundaries | D2: Complete | E2: Relies on tbcs | G2: Total tasks | H2: 65
A3: 0 | B3: TBCs | C3: Create questions list for Force range/sign, detailed Speed Mode capture behaviour, E-stop reset workflow and WOT profile | D3: Complete | E3: Confirmed: Force rate = N/s; Speed Mode minimum = 1 km/h with ~10+ km/h preferred practice; Light Drive tolerance = +/-15%; Light Drive/WOT countdown = 5 s; indicators = Healthy / No Alarms / AUX / Dyno; target PC = Windows 10, 16 GB RAM. | G3: Complete | H3: =COUNTIF(D2:D66,"Complete") -> 13
A4: 0 | B4: Architecture | C4: Identify major components: Simulation Core, UI, Virtual Driver and 3D Visualisation | D4: Complete | G4: In Progress | H4: =COUNTIF(D2:D66,"In Progress") -> 0
A5: 0 | B5: Architecture | C5: Write one clear responsibility for each major component | D5: Complete | G5: Remaining | H5: =COUNTIF(D2:D66,"Not Started") -> 52
A6: 0 | B6: Data ownership | C6: Decide who owns CurrentSpeed, CurrentAcceleration, CurrentForce, Gradient, RigState and CurrentMode | D6: Complete
A7: 0 | B7: Architecture | C7: Map commands/data flow between UI, simulation, virtual driver and 3D visuals | D7: Complete | G7: Overall completion | H7: =COUNTIF(D2:D66,"Complete")/COUNTA(C2:C66) -> 0.2
A8: 0 | B8: UI | C8: Create rough main-screen wireframe | D8: Complete | E8: Just needs dyno and vehicle drawing
A9: 0 | B9: User flows | C9: Map Start -> RLS, Speed, Force, Light Drive, WOT, Abort, Stop and E-stop flows | D9: Complete
A10: 0 | B10: Testing | C10: Choose a simple acceptance-test format | D10: Complete | G10: Confirmed Design Inputs
A11: 0 | B11: Setup | C11: Confirm Unreal version, project name, Git approach and folder structure | D11: Complete | G11: Force rate | H11: N/s
A12: 0 | B12: Deployment | C12: Begin investigating internal approval for packaged Unreal/Windows app | D12: Complete | E12: Seems no approval would be needed | G12: Speed Mode minimum | H12: 1 km/h
A13: 0 | B13: Portfolio | C13: Decide what non-proprietary development evidence to retain | D13: Complete | G13: Preferred Speed capture | H13: ~10+ km/h
A14: 0 | B14: Backlog | C14: Break Week 1 into small actionable tasks | D14: Complete | G14: Light Drive tolerance | H14: +/-15%
A15: 1 | B15: Foundation | C15: Create Unreal Engine 5 project and Git repository | D15: Not Started | G15: Light Drive countdown | H15: 5 s
A16: 1 | B16: Foundation | C16: Create folder structure for UI, Blueprints, 3D assets, config and notes | D16: Not Started | G16: WOT countdown | H16: 5 s
A17: 1 | B17: UI | C17: Build main UMG layout | D17: Not Started | G17: Target OS | H17: Windows 10
A18: 1 | B18: Simulation | C18: Define Rig State, Mode, Command and core simulation variables | D18: Not Started | G18: Target RAM | H18: 16 GB
A19: 1 | B19: Simulation | C19: Implement OFF -> Start -> AUX -> Dyno -> RLS, with Healthy / No Alarms status conditions | D19: Not Started | E19: Normal startup: AUX before Dyno. Normal shutdown: Dyno off before AUX. Healthy and No Alarms are normally on unless a relevant condition/fault exists. | G19: Status indicators | H19: Healthy / No Alarms / AUX / Dyno
A20: 1 | B20: UI | C20: Add four-square status indicators: Healthy, No Alarms, AUX and Dyno | D20: Not Started | E20: Healthy = overall dyno startable condition. No Alarms = alarm/fault status; some alarms may not stop rig operation. | G20: Startup order | H20: AUX then Dyno
A21: 2 | B21: Speed Mode | C21: Implement lower speed, upper speed and rate inputs | D21: Not Started | G21: Shutdown order | H21: Dyno then AUX
A22: 2 | B22: Speed Mode | C22: Implement latched Raise / Hold / Lower states | D22: Not Started
A23: 2 | B23: Speed Mode | C23: Implement 1 km/h minimum-speed interlock | D23: Not Started | E23: Preferred operator practice is to capture Speed Mode around 10+ km/h where practical.
A24: 2 | B24: Speed Mode | C24: Capture approximate current speed on mode entry | D24: Not Started
A25: 2 | B25: Speed Mode | C25: Add LOAD OFF notification at upper limit | D25: Not Started
A26: 2 | B26: Visuals | C26: Connect speed to provisional rollers/wheels and instrumentation | D26: Not Started
A27: 3 | B27: RLS | C27: Implement Gradient limits and %/s rate | D27: Not Started
A28: 3 | B28: RLS | C28: Implement Gradient Raise / Hold / Lower | D28: Not Started
A29: 3 | B29: Simulation | C29: Create predictable coast-down behaviour | D29: Not Started
A30: 3 | B30: Simulation | C30: Establish live Speed, Acceleration, Force, Gradient, Power and Restraint values | D30: Not Started
A31: 3 | B31: Simulation | C31: Keep simulation relationships configurable | D31: Not Started
A32: 4 | B32: Light Drive | C32: Build acceleration and upper-speed setup | D32: Not Started
A33: 4 | B33: Light Drive | C33: Implement Go -> 5-second countdown -> accelerate -> load-off -> coast | D33: Not Started
A34: 4 | B34: Light Drive | C34: Add configurable human-like acceleration variation (initially +/-15%) | D34: Not Started
A35: 4 | B35: Light Drive | C35: Implement Abort | D35: Not Started
... A66: 8 | B66: Stretch | C66: Only if core is stable: consider RPM/gear OR second camera | D66: Not Started

Sheet Weekly Summary
A1: Week | B1: Focus | C1: Tasks | D1: Completed
A2: 0 | B2: Planning + Architecture | C2: =COUNTIF(Timeline!A2:A66,A2) -> 13 | D2: =COUNTIFS(Timeline!A2:A66,A2,Timeline!D2:D66,"Complete") -> 13
A3: 1 | B3: Foundation + UI | C3: =COUNTIF(Timeline!A2:A66,A3) -> 6 | D3: =COUNTIFS(Timeline!A3:A67,A3,Timeline!D3:D67,"Complete") -> 0
A4: 2 | B4: Speed Mode | C4: =COUNTIF(Timeline!A2:A66,A4) -> 6 | D4: =COUNTIFS(Timeline!A4:A68,A4,Timeline!D4:D68,"Complete") -> 0
A5: 3 | B5: RLS + Gradient | C5: =COUNTIF(Timeline!A2:A66,A5) -> 5 | D5: =COUNTIFS(Timeline!A5:A69,A5,Timeline!D5:D69,"Complete") -> 0
A6: 4 | B6: Light Drive + WOT | C6: =COUNTIF(Timeline!A2:A66,A6) -> 7 | D6: =COUNTIFS(Timeline!A6:A70,A6,Timeline!D6:D70,"Complete") -> 0
A7: 5 | B7: Force + Shutdown | C7: =COUNTIF(Timeline!A2:A66,A7) -> 6 | D7: =COUNTIFS(Timeline!A7:A71,A7,Timeline!D7:D71,"Complete") -> 0
A8: 6 | B8: 3D + Instrumentation | C8: =COUNTIF(Timeline!A2:A66,A8) -> 7 | D8: =COUNTIFS(Timeline!A8:A72,A8,Timeline!D8:D72,"Complete") -> 0
A9: 7 | B9: Workflow + Polish | C9: =COUNTIF(Timeline!A2:A66,A9) -> 6 | D9: =COUNTIFS(Timeline!A9:A73,A9,Timeline!D9:D73,"Complete") -> 0
A10: 8 | B10: Test + Package | C10: =COUNTIF(Timeline!A2:A66,A10) -> 9 | D10: =COUNTIFS(Timeline!A10:A74,A10,Timeline!D10:D74,"Complete") -> 0
